sr_no,route_type,ip1_co_built,dn_recipient,project_name,route_id_site_id,uid,build_type,category_type,survey_id,po_number,po_length,parent_route,ce_route_lmc_id,route_lmc_section_id,route_lmc_subsection_id,application_number,application_length_mtr,application_date,from_location,to_location,authority,ward,dn_number,dn_length_mtr,dn_received_date,trench_type,ot_length,surface,surface_wise_ri_amount,dn_ri_amount,surface_wise_multiplication_factor,ground_rent,administrative_charge,supervision_charges,chamber_fee,gst,ri_budget_amount_per_meter,projected_budget_ri_amount_dn,actual_total_non_refundable,non_refundable_amount_per_mtr,proj_non_refundable_savings_per_mtr,deposit,total_dn_amount,new_revised_dn_number,new_revised_dn_against,internal_approval_start,internal_approval_end,ticket_raised_date,dn_payment_date,tat_days,civil_completion_date,hdd_length,no_of_pits,pit_ri_rate,proj_savings_per_dn,surface_wise_length,road_name,permission_receipt_date,permit_no,permit_start_date,permit_end_date,permitted_length_by_ward_mts
20,DC Route,IP-1,CE,Mumbai Fiber Refresh Project,MUM_Route_10,MUM_Route_10,Existing,Strategic,,10004633.0,10280.0,,MUMU25R010,MUMU25R010MCWB,MUMU25R010MCWE241221D2C6L0012,783326066,23.0,2024-06-26," BOB Mirza Galibh road",Byculla Fire Bricade,MCGM,E,783326066,33.0,2024-12-21,Open Trench,,Carriageway(Mastic Asphalt 25 mm)+footpath/Passages(Finished in Stencil/),12469/11211,1152439.0,,66.0,33.0,,,,8413.0,277629.0,1152538.0,34925.39393939394,-26512.39393939394,576219.5,1728757.5,,,2025-04-04,2025-04-05,2025-05-20,2025-04-10,5,,,,,,,,,,,,
21,DC Route,IP-1,CE,Mumbai Fiber Refresh Project,MUM_Route_10,MUM_Route_10,Existing,Strategic,,10004633.0,10280.0,,MUMU25R010,MUMU25R010MCWB,MUMU25R010MCWE241221D3C6L0013,783326083,29.0,2024-06-26,"BMC E ward office "," Mirza Galibh road junction ",MCGM,E,783326083,39.0,2024-12-21,Open Trench,,"Carriageway(Mastic Asphalt 25 mm)+footpath/Passages(Grey or Any_x000D_
Color)",12469/8518,367761.0,,78.0,39.0,,,,8413.0,328107.0,367878.0,9432.76923076923,-1019.76923076923,183880.5,551758.5,,,2025-04-04,2025-04-05,2025-05-07,2025-04-10,5,,,,,,,,,,,,
5,Route LM,Co-Built,Airtel,Mumbai Fiber Refresh Project,MA4226,MU-MA4226,New-build,Non-Strategic,,10004641.0,20.0,MUMU25R010,MUMU25NL003,MUMU25NL003MCWA,MUMU25NL003MCWA250404D3C3L0004,783339100,8.0,2025-03-27,NEAR HOTEL CASTLE IN HIRA BLDG,NEAR HOTEL CASTLE IN HIRA BLDG,MCGM,A,783339100,8.0,2025-04-04,Open Trench,,"Footpath/Passages(Finished in_x000D_
Stencil)",11211,448440.0,,16.0,8.0,,,,12469.0,99752.0,448464.0,56058.0,-43589.0,,448464.0,,,2025-04-04,2025-04-11,2025-04-01,2025-04-15,4,,,,,,,,,,,,
4,Route LM,Co-Built,Airtel,Mumbai Fiber Refresh Project,6295,MU-MA6295,New-build,Non-Strategic,,10004641.0,30.0,MUMU25R010,MUMU25NL002,MUMU25NL002MCWA,MUMU25NL002MCWA250404D3C3L0003,783339141,20.0,2025-03-27,NEAR EP NO-F/R-9 HOTEL POPULAR PALACE,NEAR MINT ROAD,MCGM,A,783339141,27.0,2025-04-04,Open Trench,,Carriageway,10187,275049.0,,54.0,27.0,,,,12469.0,336663.0,275130.0,10190.0,2279.0,137524.5,412654.5,,,2025-04-04,2025-04-11,2025-04-01,2025-04-15,4,,,,,,,,2025-04-16,783339141.0,2025-04-17,2025-04-18,27.0
3,DC Route,Co-Built,Airtel,Mumbai Fiber Refresh Project,MUM_Route_131,MUM_Route_131,New-build,Non-Strategic,,10004641.0,200.0,,MUMU25R131,MUMU25R131MCWA,MUMU25R131MCWA250328D3C3,783339212,145.0,2025-03-28,NEAR SUCHITA BUILDING,NEAR HOTEL VICTORIA,MCGM,A,783339212,155.0,2025-04-04,Open Trench,,Carriageway+footpath/Passages,10187/10454,1613962.0,,310.0,155.0,,,,8413.0,1304015.0,1614427.0,10415.65806451613,-2002.658064516128,806981.0,2421408.0,,,2025-04-15,2025-04-16,,2025-04-17,1,,,,,,,,,,,,
15,"LMC routes (stand alone) ",Co-Built,Airtel,Mumbai Fiber Refresh Project,5831,MU-5831,New-build,Non-Strategic,,10004791.0,67.0,,MUMU25FL005,MUMU25FL005MCRN,MUMU25FL005MCRN250401D3C30027,783339323,116.0,2025-04-01,JAYWANT SAWANT MARG,SAI AMRUT CHS,MCGM,RN,783339323,136.0,2025-04-17,Open Trench,,Carriageway(PB 80(OnlyGrey+Use of Existing Duct),8246/2900,1067996.0,,272.0,136.0,,,,7487.0,1018232.0,1068404.0,7855.911764705882,-368.911764705882,533998.0,1602402.0,,,2025-04-18,2025-04-20,2025-04-16,2025-04-23,3,,,,,,,,,,,,
17,DC Route,IP-1,CE,Mumbai Fiber Refresh Project,MUM_Route_10,MUM_Route_10,Existing,Strategic,,10004633.0,10280.0,,MUMU25R010,MUMU25R010MCWB,MUMU25R010MCWB250403D3C3L0029,783339575,50.0,2025-04-03,Hotel Elphinstone Annexe,Godee Area opp. Navratna Premises,MCGM,B,783339575,60.0,2025-04-19,Open Trench,," Mastic_x000D_
Asphalt 40 m",14936,896160.0,,120.0,60.0,,,,8413.0,504780.0,896340.0,14939.0,-6526.0,448080.0,1344420.0,,,2025-04-22,2025-04-24,2025-04-05,2025-04-25,1,,,,,,,,,,,,
9,DC Route,IP-1,CE,Mumbai Fiber Refresh Project,MUM_Route_10,MUM_Route_10,Existing,Strategic,,10004633.0,10280.0,,MUMU25R010,MUMU25R010MCWA,MUMU25R010MCWA250408D3C3L0020,783339910,42.0,2025-04-08,PNB HOUSE (PNB BANK),APNA BAZAR (GREAT SOCIAL BLDG,MCGM,A,783339910,52.0,2025-04-08,Open Trench,,Mastic Asphalt 40 m+Concrete Finished,14936/28,651176.0,,104.0,52.0,,,,8413.0,437476.0,651332.0,12525.61538461538,-4112.615384615385,325588.0,976920.0,,,2025-04-09,2025-04-20,2025-05-07,2025-04-25,5,,,,,,,,2025-04-25,783339910.0,2025-04-26,2025-04-27,52.0
25,DC Route,Co-Built,Airtel,Mumbai Fiber Refresh Project,MUM_Route_90,MUM_Route_90,Co-Build,Strategic,AIR52K24R090010,10004960.0,14270.0,MUM_Route_90,,,,783339980,156.0,2025-04-08,NR ASHTVINAYAK CHS,POLE NO. YJS/005/023,MCGM,ME,783339980,156.0,2025-04-12,Open Trench,156.0,Trench on already ex,6711.00,1046916.0,0.00,312.0,156.0,,,,14936.0,2330016.0,1047384.0,6714.0,8222.0,523458.0,1570842.0,,,,,,,,,,,,1282632.0,156,,,,,,
26,DC Route,Co-Built,Airtel,Mumbai Fiber Refresh Project,MUM_Route_90,MUM_Route_90,Co-Build,Strategic,AIR52K24R090010,10004960.0,14270.0,MUM_Route_90,,,,783340005,126.0,2025-04-08,POLE NO. YJS/005/023,MCGM MOTOR LODER CHOWKY( AAGARWADI JN.),MCGM,ME,783340005,136.0,2025-04-12,Open Trench,136.0,Trench on already ex,6711.00,912696.0,0.00,272.0,136.0,,,,14936.0,2031296.0,913104.0,6714.0,8222.0,456348.0,1369452.0,,,,,,,,,,,,1118192.0,136,,,,,,
16,"LMC routes (stand alone) ",Co-Built,Airtel,Mumbai Fiber Refresh Project,MB6370,MU-MB6370,New-build,Non-Strategic,,10004838.0,33.0,,MUMU25FL005,MUMU25FL005MCRN,MUMU25FL005MCRN250409D3C30028,783340181,81.0,2025-04-09,RAJ HERITAGE TOWER,MARY JAMMACULATE GIRLS SCHOOL,MCGM,RN,783340181,91.0,2025-04-17,Open Trench,,"Carriageway(Bituminous_x000D_
Concrete)",11378,1035398.0,,182.0,91.0,,,,14936.0,1359176.0,1035671.0,11381.0,3555.0,517699.0,1553370.0,,,2025-04-18,2025-04-20,2025-04-20,2025-04-23,3,,,,,,,,2025-04-24,783340181.0,2025-04-25,2025-04-30,91.0
32,Route LM,Co-Built,Airtel,Mumbai Fiber Refresh Project,MB3135,MU-MB3135,New-build,Non-Strategic,,10004641.0,130.0,MUMU25R010,MUMU25NL007,MUMU25NL007MCWA,MUMU25NL007MCWA250414D3C3L0016,783340649,28.0,2025-04-14,HOTEL MANAMA,FRIENDS PREMISES,MCGM,A,783340649,38.0,2025-05-02,Open Trench,,Carriageway(Mastic Asphalt 40 m),14936,567568.0,,76.0,38.0,,,,14958.0,568404.0,567682.0,14939.0,19.0,283784.0,851466.0,,,2025-05-05,2025-05-06,2025-02-23,2025-05-09,3,,,,,,,,,,,,
8,"LMC routes (stand alone) ",Co-Built,Airtel,Mumbai Fiber Refresh Project,MA2115,MU-MA2115,New-build,Non-Strategic,,10004833.0,34.0,,,,,783340659,3.0,2025-04-15,KRISHNA HERITAGE,KRISHNA HERITAGE FOOTPATH,MCGM,RC,783340659,4.0,2025-04-25,Open Trench,4.0,Grey or Any Color,8518.00,68144.0,2.0,8.0,4.0,,,,32019.0,128076.0,68156.0,17039.0,14980.0,34072.0,102228.0,,,,,,,,,,,,,,,,,,,
31,Route LM,Co-Built,Airtel,Mumbai Fiber Refresh Project,3054,MU-3054,New-build,Non-Strategic,,10004641.0,30.0,MUMU25R010,MUMU25NL006,MUMU25NL006MCWA,MUMU25NL006MCWA250415D3C3L0015,783340693,20.0,2025-04-15,SUN CLINIC,ANIL MILK SUPPLIER,MCGM,A,783340693,34.0,2025-05-02,Open Trench,,Carriageway(Bituminous Concrete),10187,346358.0,,68.0,34.0,,,,14946.0,508164.0,346460.0,10190.0,4756.0,173179.0,519639.0,,,2025-05-05,2025-05-06,2025-03-05,2025-05-08,2,,,,,,,,,,,,
24,"LMC routes (stand alone) ",Co-Built,Airtel,Mumbai Fiber Refresh Project,MA928,MU-MA928,New-build,Non-Strategic,,10004856.0,368.0,,MUMU25FL012,MUMU25FL012MCRC,MUMU25FL012MCRC250415D3C3L0007,783340697,90.0,2025-04-15,PM KULKARNI ROAD,ACHARYA ASHRAM,MCGM,RC,783340697,100.0,2025-04-25,Open Trench,,Carriageway(Mastic Asphalt 40 m),14936,1493600.0,,200.0,100.0,,,,14936.0,1493600.0,1493900.0,14939.0,-3.0,746800.0,2240700.0,,,2025-04-26,2025-04-28,2025-04-20,2025-05-09,11,,,,,,,,,,,,
23,"LMC routes (stand alone) ",Co-Built,Airtel,Mumbai Fiber Refresh Project,MA928,MU-MA928,New-build,Non-Strategic,,10004856.0,368.0,,MUMU25FL012,MUMU25FL012MCRC,MUMU25FL012MCRC250415D3C3L0018,783340711,132.0,2025-04-15,PM KULKARNI ROAD,ACHARYA ASHRAM,MCGM,RC,783340711,100.0,2025-04-25,Open Trench,,On Carriageway(Mastic Asphalt 40 m),14936,1493600.0,,200.0,100.0,,,,14936.0,1493600.0,1493900.0,14939.0,-3.0,746800.0,2240700.0,,,2025-04-26,2025-04-28,2025-04-01,2025-05-09,11,,,,,,,,,,,,
29,"LMC routes (stand alone) ",Co-Built,Airtel,Mumbai Fiber Refresh Project,2958,MU-2958,New-build,Non-Strategic,,10004801.0,224.0,,MUMU25FL010,MUMU25FL010MCMW,MUMU25FL010MCMW250417D3C3L0013,783340898,80.0,2024-04-17,OPP. SANKET APARTMENT,NEAR EESH KRIPA BLDG,MCGM,MW,783340898,90.0,2025-04-29,Open Trench,,Carriageway(Bituminous Concrete+Others),10187,916830.0,,180.0,90.0,,,,14936.0,1344240.0,917100.0,10190.0,4746.0,458415.0,1375515.0,,,2025-04-29,2025-02-05,2025-03-05,,-45721,,,,,,,,,,,,
30,"LMC routes (stand alone) ",Co-Built,Airtel,Mumbai Fiber Refresh Project,2958,MU-2958,New-build,Non-Strategic,,10004801.0,224.0,,MUMU25FL010,MUMU25FL010MCMW,MUMU25FL010MCMW250417D3C3L0014,783340954,130.0,2024-04-17,NEAR EESH KRIPA BLDG,NEAR MAHESH KUTIR BLDG,MCGM,MW,783340954,140.0,2025-04-29,Open Trench,,Carriageway(Bituminous Concrete+Others),10187,1426180.0,,280.0,140.0,,,,14936.0,2091040.0,1426600.0,10190.0,4746.0,713090.0,2139690.0,,,2025-04-29,2025-02-05,2025-04-20,,-45721,,,,,,,,,,,,
9,"LMC routes (stand alone) ",Co-Built,Airtel,Mumbai Fiber Refresh Project,6195,MU-6195,New-build,Non-Strategic,,10004835.0,242.0,19.21347832,,,,783341287,65.0,2025-04-22,AVERSHINE MILLENIUM PAIRADISE,THAKUR SHYAM NARAYAN SCHOOL,MCGM,RS,783341287,75.0,2025-04-24,Open Trench,75.0,Bituminous Concrete,11378.00,853350.0,1.0,150.0,75.0,,,,14936.0,1120200.0,853575.0,11381.0,3555.0,426675.0,1280250.0,,,,,,,,,,,,,,,,,,,
26,"LMC routes (stand alone) ",Co-Built,Airtel,Mumbai Fiber Refresh Project,148,MU-148,New-build,Non-Strategic,,10004692.0,67.0,,MUMU25FL007,MUMU25FL007MCHW,MUMU25FL007MCHW250424D3C30030,783341566,130.0,2025-04-24,OPP. JASHMIN HOUSE,PANJETANI VILLA,MCGM,HW,783341566,140.0,2025-04-26,Open Trench,,Carriageway,10187,1426180.0,,280.0,140.0,,,,14936.0,2091040.0,1426600.0,10190.0,4746.0,713090.0,2139690.0,,,2025-04-27,2025-04-28,2025-04-19,2025-04-19,0,,,,,,,,,,,,27.0
17,"LMC routes (stand alone) ",Co-Built,Airtel,Mumbai Fiber Refresh Project,5541,MU-5541,New-build,Non-Strategic,,10004701.0,235.0,Fibmax,,,,783341568,100.0,2025-04-24,EDVIN 189 BUILDING,CHIMBAI ROAD CORNER,MCGM,HW,783341568,120.0,2025-04-26,Open Trench,120.0,Bituminous Concrete,10187.00,1222440.0,1.00,240.0,120.0,,,,14936.0,1792320.0,1222800.0,10190.0,4746.0,611220.0,1834020.0,,,,,,,,,,,,569520.0,120,,,,,,
25,"LMC routes (stand alone) ",Co-Built,Airtel,Mumbai Fiber Refresh Project,3386,MU-3386,New-build,Non-Strategic,,10004879.0,280.0,,MUMU25FL006,MUMU25FL006MCHW,MUMU25FL006MCHW250424D3C30029,783341573,166.0,2025-04-24,DR. KESHAW BALRAM CHOWK,GAEITY GALAXY THEATER,MCGM,HW,783341573,196.0,2025-04-26,Open Trench,,Carriageway,6711,1315356.0,,392.0,196.0,,,,8518.0,1669528.0,1315944.0,6714.0,1804.0,657678.0,1973622.0,,,2025-04-27,2025-04-28,2025-05-07,2025-04-29,1,,,,,,,,,,,,
18,"LMC routes (stand alone) ",Co-Built,Airtel,Mumbai Fiber Refresh Project,5541,MU-5541,New-build,Non-Strategic,,10004701.0,235.0,Fibmax,,,,783341581,130.0,2025-04-24,WINNIE APARTMENT,EDVIN 189 BUILDING,MCGM,HW,783341581,140.0,2025-04-26,Open Trench,140.0,Bituminous Concrete / Concrete Finished,10187.00 / 10454.00,1427515.0,1.00 / 1.00,280.0,140.0,,,,14936.0,2091040.0,1427935.0,10199.54,4736.46,713757.5,2141692.5,,,,,,,,,,,,663104.4,135 / 5,PERRY ROAD,,,,,
27,DC Route,Co-Built,Airtel,Mumbai Fiber Refresh Project,MUM_Route_90,MUM_Route_90,Co-Build,Strategic,AIR52K24R090010,10004960.0,14270.0,MUM_Route_90,,,,783341644,160.0,2025-04-24,ZARINA PARK GATE NO 02,MCGM MOTOR LOADER CHOWKY,MCGM,ME,783341644,160.0,2025-04-25,Open Trench,160.0,Trench on already ex,6711.00,1073760.0,0.00,320.0,160.0,,,,14936.0,2389760.0,1074240.0,6714.0,8222.0,536880.0,1611120.0,,,,,,,,,,,,1315520.0,160,,,,,,
591,LMC routes (stand alone),Co-Built,Airtel,Mumbai Fiber Refresh Project,MA2512,MU-MA2512,New-build,Non-Strategic,,10004727.0,56.0,Fibmax,MUMU26LF046,MUMU26LF046MCME,MUMU26LF046MCME250905D2C20001,783344777,4.0,2025-09-05,SHREE GANESH WASHING CENTRE,SHRINATH GUPTA SHOP,MCGM,ME,783344777,4.0,2025-09-11,Open Trench,4.0,Mastic Asphalt 40 m,14936.00,59744.0,1.00,8.0,4.0,,,,12469.0,49876.0,59756.0,14939.0,-2470.0,,59756.0,,,,,,,,,,,,-9880.0,4.00,DEONAR POLICE STATION ROAD,2025-09-15,783344777.0,2025-09-16,2025-09-18,4.0
1143,Additional Route,Co-Built,Airtel,Mumbai Fiber Refresh Project,MUM_Route_111,MUM_Route_111,,Additional Route,,10004515.0,841.0,MUM_Route_111,MUMU26RA111,,,783348485,135.0,2025-10-06,SILVER SPRING,GREEN ACRES,MCGM,KW,783348485,145.0,2025-10-14,OT,145.0,Mastic Asphalt 40 m,14936.00,2165720.0,1.00,290.0,145.0,,,,17151.13,2486913.76,2166155.0,14939.0,2212.13,1082860.0,3249015.0,,,,,,,,,,,,320758.85,145.00,MAHARANA PRATAP ROAD,,,,,
1144,Additional Route,Co-Built,Airtel,Mumbai Fiber Refresh Project,MUM_Route_111,MUM_Route_111,,Additional Route,,10004515.0,841.0,MUM_Route_111,MUMU26RA111,,,783348486,160.0,2025-10-07,RUSHI TOWER,OPP MALA TOWER,MCGM,KW,783348486,185.0,2025-10-14,OT,185.0,Mastic Asphalt 40 m,14936.00,2763160.0,1.00,370.0,185.0,,,,17151.13,3172958.94,2763715.0,14939.0,2212.13,1381580.0,4145295.0,,,,,,,,,,,,409244.05,185.00,MAHARANA PRATAP ROAD,,,,,
1147,Additional Route,Co-Built,Airtel,Mumbai Fiber Refresh Project,MUM_Route_112,MUM_Route_112,,Additional Route,,10004515.0,1020.0,MUM_Route_112,,,,783348508,152.0,2025-10-07,TWIN APARTMENT(PRABHAT HARDWARE),FANTACY OPTIC SHOP,MCGM,KW,783348508,168.0,2025-10-14,OT,168.0,Mastic Asphalt 40 m,14936.00,2509248.0,1.00,336.0,168.0,,,,22885.75,3844806.63,2509752.0,14939.0,7946.75,1254624.0,3764376.0,,,,,,,,,,,,1335054.0,168.00,LOKHANDWALA COMPLEX ROAD,,,,,
1145,Additional Route,Co-Built,Airtel,Mumbai Fiber Refresh Project,MUM_Route_111,MUM_Route_111,,Additional Route,,10004515.0,841.0,MUM_Route_111,,,,783348515,157.0,2025-10-07,GREEN ACRES,RUSHI TOWER,MCGM,KW,783348515,167.0,2025-10-14,OT,167.0,Mastic Asphalt 40 m,14936.00,2494312.0,1.00,334.0,167.0,,,,17151.13,2864238.61,2494813.0,14939.0,2212.13,1247156.0,3741969.0,,,,,,,,,,,,369425.71,167.00,MAHARANA PRATAP ROAD,,,,,
1148,Additional Route,Co-Built,Airtel,Mumbai Fiber Refresh Project,MUM_Route_112,MUM_Route_112,,Additional Route,,10004515.0,1020.0,MUM_Route_112,,,,783348516,85.0,2025-10-07,ROYAL ACCORD,SNEH BUILDING,MCGM,KW,783348516,95.0,2025-10-14,OT,95.0,Mastic Asphalt 40 m,14936.00,1418920.0,1.00,190.0,95.0,,,,22885.75,2174146.61,1419205.0,14939.0,7946.75,709460.0,2128665.0,,,,,,,,,,,,754941.25,95.00,BALASAHEB DEORAS MARG,,,,,
1146,Additional Route,Co-Built,Airtel,Mumbai Fiber Refresh Project,MUM_Route_111,MUM_Route_111,,Additional Route,,10004515.0,841.0,MUM_Route_111,,,,783348525,78.0,2025-10-07,SAMARTH VAIBHAV,GREEN VILLE CHSL,MCGM,KW,783348525,80.0,2025-10-14,OT,80.0,PB 100(Only Grey) / Bituminous Concrete,7487.00 / 10187.00,701560.0,1.00 / 1.00,160.0,80.0,,,,17151.13,1372090.35,701800.0,8772.5,8378.63,350780.0,1052580.0,,,,,,,,,,,,670290.4,42.00,MAHARANA PRATAP ROAD,,,,,
1149,Additional Route,Co-Built,Airtel,Mumbai Fiber Refresh Project,MUM_Route_112,MUM_Route_112,,Additional Route,,10004515.0,1020.0,MUM_Route_112,,,,783348526,112.0,2025-10-07,SNEH BUILDING,BANK OF MAHARASHTRA,MCGM,KW,783348526,128.0,2025-10-14,OT,128.0,Mastic Asphalt 40 m,14936.00,1911808.0,1.00,256.0,128.0,,,,22885.75,2929376.48,1912192.0,14939.0,7946.75,955904.0,2868096.0,,,,,,,,,,,,1017184.0,128.00,LOKHANDWALA COMPLEX ROAD,,,,,
1150,Additional Route,Co-Built,Airtel,Mumbai Fiber Refresh Project,MUM_Route_112,MUM_Route_112,,Additional Route,,10004515.0,1020.0,MUM_Route_112,,,,783348527,146.0,2025-10-07,BANK OF MAHARASHTRA,KAMDHENU SHOPPING CENTRE,MCGM,KW,783348527,162.0,2025-10-14,OT,162.0,Mastic Asphalt 40 m,14936.00,2419632.0,1.00,324.0,162.0,,,,22885.75,3707492.11,2420118.0,14939.0,7946.75,1209816.0,3629934.0,,,,,,,,,,,,1287373.5,162.00,LOKHANDWALA COMPLEX ROAD,,,,,
1151,Additional Route,Co-Built,Airtel,Mumbai Fiber Refresh Project,MUM_Route_112,MUM_Route_112,,Additional Route,,10004515.0,1020.0,MUM_Route_112,,,,783348528,149.0,2025-10-07,KAMDHENU SHOPPING CENTER,TWIN APARTMENT(PRABHAT HARDWARE),MCGM,KW,783348528,168.0,2025-10-14,OT,168.0,Mastic Asphalt 40 m,14936.00,2509248.0,1.00,336.0,168.0,,,,22885.75,3844806.63,2509752.0,14939.0,7946.75,1254624.0,3764376.0,,,,,,,,,,,,1335054.0,168.00,LOKHANDWALA COMPLEX ROAD,,,,,
1152,Additional Route,Co-Built,Airtel,Mumbai Fiber Refresh Project,MUM_Route_112,MUM_Route_112,,Additional Route,,10004515.0,1020.0,MUM_Route_112,,,,783348529,152.0,2025-10-07,FANTACY OPTIC SHOP,ARSHA SALOON,MCGM,KW,783348529,170.0,2025-10-14,OT,170.0,Mastic Asphalt 40 m,14936.00,2539120.0,1.00,340.0,170.0,,,,22885.75,3890578.14,2539630.0,14939.0,7946.75,1269560.0,3809190.0,,,,,,,,,,,,1350947.5,170.00,LOKHANDWALA COMPLEX ROAD,,,,,
983,Additional Route,Co-Built,Airtel,Mumbai Fiber Refresh Project,MUM_Route_99,MUM_Route_99,,Additional Route,,,,MUM_Route_99,,,,783348588,148.0,2025-10-07,MAHATMA GANDHI ROAD,KARMAVEER BHAURAO MARG,MCGM,A,783348588,155.0,2025-10-14,OT,155.0,Concrete Finished,10454.00,1620370.01,1.00,310.0,155.0,,,,1500.0,232500.0,1620835.01,3.01,1496.99,,1620835.01,,,,,,,,,,,,232033.45,155.00,UNIVERSITY ROAD,,,,,
1153,Additional Route,Co-Built,Airtel,Mumbai Fiber Refresh Project,Mumbai_Coverage_Route35,Mumbai_Coverage_Route35,,Additional Route,,10004963.0,4070.0,Mumbai_Coverage_Route35,MUMU26RC035,,,783349538,90.0,2025-10-11,OPP TRUPTI BUNGLOW,OPP JAYKANT BLISS BUILDING,MCGM,RC,783349538,100.0,2025-10-15,OT,100.0,Bituminous Concrete,10187.00,1018700.0,1.00,200.0,100.0,,,,11640.27,1164027.03,1019000.0,10190.0,1450.27,,1019000.0,,,,,,,,,,,,145027.0,100.00,VAN UDYAN ROAD,,,,,
1154,Additional Route,Co-Built,Airtel,Mumbai Fiber Refresh Project,Mumbai_Coverage_Route35,Mumbai_Coverage_Route35,,Additional Route,,10004963.0,4070.0,Mumbai_Coverage_Route35,MUMU26RC035,,,783349543,125.0,2025-10-11,VAISHALI CHS,OPP TRUPTI BUNGLOW,MCGM,RC,783349543,135.0,2025-10-15,OT,135.0,Bituminous Concrete / Mastic Asphalt 40 m,10187.00 / 14936.00,1636440.0,1.00 / 1.00,270.0,135.0,,,,11640.27,1571436.49,1636845.0,12124.78,-484.51,,1636845.0,,,,,,,,,,,,-65408.85,80.00,VAN UDYAN ROAD,,,,,
1155,Additional Route,Co-Built,Airtel,Mumbai Fiber Refresh Project,Mumbai_Coverage_Route35,Mumbai_Coverage_Route35,,Additional Route,,10004963.0,4070.0,Mumbai_Coverage_Route35,MUMU26RC035,,,783349555,90.0,2025-10-11,OPP JAYKANT BLISS BUILDING,MCF BMC GROUND,MCGM,RC,783349555,100.0,2025-10-15,OT,100.0,Bituminous Concrete,10187.00,1018700.0,1.00,200.0,100.0,,,,11640.27,1164027.03,1019000.0,10190.0,1450.27,,1019000.0,,,,,,,,,,,,145027.0,100.00,VAN UDYAN ROAD,,,,,
1156,Additional Route,Co-Built,Airtel,Mumbai Fiber Refresh Project,Mumbai_Coverage_Route35,Mumbai_Coverage_Route35,,Additional Route,,10004963.0,4070.0,Mumbai_Coverage_Route35,MUMU26RC035,,,783349560,90.0,2025-10-11,MCF BMC GROUND,HIBISCUS WATER SUPPLIERS,MCGM,RC,783349560,100.0,2025-10-15,OT,100.0,Bituminous Concrete,10187.00,1018700.0,1.00,200.0,100.0,,,,11640.27,1164027.03,1019000.0,10190.0,1450.27,,1019000.0,,,,,,,,,,,,145027.0,100.00,VAN UDYAN ROAD,,,,,
1157,Additional Route,Co-Built,Airtel,Mumbai Fiber Refresh Project,Mumbai_Coverage_Route35,Mumbai_Coverage_Route35,,Additional Route,,10004963.0,4070.0,Mumbai_Coverage_Route35,MUMU26RC035,,,783349565,90.0,2025-10-11,VIJAY NAGAR,RUDRA GROUP ISPACE TOWER,MCGM,RC,783349565,100.0,2025-10-15,OT,100.0,Bituminous Concrete,10187.00,1018700.0,1.00,200.0,100.0,,,,11640.27,1164027.03,1019000.0,10190.0,1450.27,,1019000.0,,,,,,,,,,,,145027.0,100.00,EKSAR ROAD,,,,,
1158,Additional Route,Co-Built,Airtel,Mumbai Fiber Refresh Project,Mumbai_Coverage_Route35,Mumbai_Coverage_Route35,,Additional Route,,10004963.0,4070.0,Mumbai_Coverage_Route35,MUMU26RC035,,,783349569,90.0,2025-10-11,OPP MUMBAI MILK CENTRE,CKP COLONY BUS STOP,MCGM,RC,783349569,100.0,2025-10-15,OT,100.0,Bituminous Concrete,10187.00,1018700.0,1.00,200.0,100.0,,,,11640.27,1164027.03,1019000.0,10190.0,1450.27,,1019000.0,,,,,,,,,,,,145027.0,100.00,EKSAR ROAD,,,,,
1159,Additional Route,Co-Built,Airtel,Mumbai Fiber Refresh Project,Mumbai_Coverage_Route35,Mumbai_Coverage_Route35,,Additional Route,,10004963.0,4070.0,Mumbai_Coverage_Route35,MUMU26RC035,,,783349574,90.0,2025-10-11,SHEETAL MEGHDOOT,OTTOBOCK CARE,MCGM,RC,783349574,100.0,2025-10-15,OT,100.0,PB 80(Only Grey) / Mastic Asphalt 40 m,7011.00 / 14936.00,883375.0,1.00 / 1.00,200.0,100.0,,,,11640.27,1164027.03,883675.0,8836.75,2803.52,,883675.0,,,,,,,,,,,,280352.0,77.00,VAN UDYAN ROAD,,,,,
1160,Additional Route,Co-Built,Airtel,Mumbai Fiber Refresh Project,Mumbai_Coverage_Route35,Mumbai_Coverage_Route35,,Additional Route,,10004963.0,4070.0,Mumbai_Coverage_Route35,MUMU26RC035,,,783349577,90.0,2025-10-11,OTTOBOCK CARE,TRIMURTI KRIPA CHS,MCGM,RC,783349577,100.0,2025-10-15,OT,100.0,PB 80(Only Grey) / Mastic Asphalt 40 m,7011.00 / 14936.00,819975.0,1.00 / 1.00,200.0,100.0,,,,11640.27,1164027.03,820275.0,8202.75,3437.52,,820275.0,,,,,,,,,,,,343752.0,85.00,VAN UDYAN ROAD,,,,,
1161,Additional Route,Co-Built,Airtel,Mumbai Fiber Refresh Project,Mumbai_Coverage_Route35,Mumbai_Coverage_Route35,,Additional Route,,10004963.0,4070.0,Mumbai_Coverage_Route35,MUMU26RC035,,,783349582,75.0,2025-10-11,HIBISCUS WATER SUPPLIER,SHEETAL MEGHDOOT,MCGM,RC,783349582,85.0,2025-10-15,OT,85.0,Bituminous Concrete,10187.00,865895.0,1.00,170.0,85.0,,,,11640.27,989422.97,866150.0,10190.0,1450.27,,866150.0,,,,,,,,,,,,123272.95,85.00,VAN UDYAN ROAD,,,,,
1162,Additional Route,Co-Built,Airtel,Mumbai Fiber Refresh Project,Mumbai_Coverage_Route35,Mumbai_Coverage_Route35,,Additional Route,,10004963.0,4070.0,Mumbai_Coverage_Route35,MUMU26RC035,,,783349588,40.0,2025-10-11,MAYUR TOWER,VEG TREAT ROYAL HOTEL,MCGM,RC,783349588,50.0,2025-10-15,OT,50.0,PB 80(Only Grey) / Bituminous Concrete,7011.00 / 10187.00,461710.0,1.00 / 1.00,100.0,50.0,,,,11640.27,582013.51,461860.0,9237.2,2403.07,,461860.0,,,,,,,,,,,,120153.5,15.00,EKSAR ROAD,,,,,
1163,Additional Route,Co-Built,Airtel,Mumbai Fiber Refresh Project,Mumbai_Coverage_Route35,Mumbai_Coverage_Route35,,Additional Route,,10004963.0,4070.0,Mumbai_Coverage_Route35,MUMU26RC035,,,783349589,90.0,2025-10-11,ROYAL EKSAR CHS,OM GAJANAN  KRUPA CHS,MCGM,RC,783349589,103.0,2025-10-15,OT,103.0,Use of Existing Duct / Mastic Asphalt 40 m,2900.00 / 14936.00,1357868.0,0.00 / 1.00,206.0,103.0,,,,11640.27,1198947.84,1358177.0,13186.18,-1545.91,,1358177.0,,,,,,,,,,,,-159228.73,15.00,CHANDAVARKAR ROAD,,,,,
1164,Additional Route,Co-Built,Airtel,Mumbai Fiber Refresh Project,Mumbai_Coverage_Route35,Mumbai_Coverage_Route35,,Additional Route,,10004963.0,4070.0,Mumbai_Coverage_Route35,MUMU26RC035,,,783349590,95.0,2025-10-11,RAIL NAGAR CHS,KARMA YOG BUILDING NO.4,MCGM,RC,783349590,105.0,2025-10-15,OT,105.0,Mastic Asphalt 40 m,14936.00,1568280.0,1.00,210.0,105.0,,,,11640.27,1222228.38,1568595.0,14939.0,-3298.73,,1568595.0,,,,,,,,,,,,-346366.65,105.00,CHANDAVARKAR ROAD,,,,,
1165,Additional Route,Co-Built,Airtel,Mumbai Fiber Refresh Project,Mumbai_Coverage_Route35,Mumbai_Coverage_Route35,,Additional Route,,10004963.0,4070.0,Mumbai_Coverage_Route35,MUMU26RC035,,,783349595,90.0,2025-10-11,TRIMURTI KRIPA CHS,VIJAY NAGAR,MCGM,RC,783349595,100.0,2025-10-15,OT,100.0,Bituminous Concrete / Mastic Asphalt 40 m,10187.00 / 14936.00,1066190.0,1.00 / 1.00,200.0,100.0,,,,11640.27,1164027.03,1066490.0,10664.9,975.37,,1066490.0,,,,,,,,,,,,97537.0,90.00,EKSAR ROAD,,,,,
1166,Additional Route,Co-Built,Airtel,Mumbai Fiber Refresh Project,Mumbai_Coverage_Route35,Mumbai_Coverage_Route35,,Additional Route,,10004963.0,4070.0,Mumbai_Coverage_Route35,MUMU26RC035,,,783349598,90.0,2025-10-11,RUDRA GROUP ISPACE TOWER,MUMBAI MILK CENTRE,MCGM,RC,783349598,100.0,2025-10-15,OT,100.0,Bituminous Concrete,10187.00,1018700.0,1.00,200.0,100.0,,,,11640.27,1164027.03,1019000.0,10190.0,1450.27,,1019000.0,,,,,,,,,,,,145027.0,100.00,EKSAR ROAD,,,,,
1167,Additional Route,Co-Built,Airtel,Mumbai Fiber Refresh Project,Mumbai_Coverage_Route35,Mumbai_Coverage_Route35,,Additional Route,,10004963.0,4070.0,Mumbai_Coverage_Route35,MUMU26RC035,,,783349599,90.0,2025-10-11,CKP COLONY BUS STOP,RBI SAHAYOG APT,MCGM,RC,783349599,100.0,2025-10-15,OT,100.0,Bituminous Concrete,10187.00,1018700.0,1.00,200.0,100.0,,,,11640.27,1164027.03,1019000.0,10190.0,1450.27,,1019000.0,,,,,,,,,,,,145027.0,100.00,EKSAR ROAD,,,,,
1168,Additional Route,Co-Built,Airtel,Mumbai Fiber Refresh Project,Mumbai_Coverage_Route35,Mumbai_Coverage_Route35,,Additional Route,,10004963.0,4070.0,Mumbai_Coverage_Route35,MUMU26RC035,,,783349600,90.0,2025-10-11,OM GAJANAN  KRUPA CHS,RAIL NAGAR CHS,MCGM,RC,783349600,100.0,2025-10-15,OT,100.0,Mastic Asphalt 40 m,14936.00,1493600.0,1.00,200.0,100.0,,,,11640.27,1164027.03,1493900.0,14939.0,-3298.73,,1493900.0,,,,,,,,,,,,-329873.0,100.00,CHANDAVARKAR ROAD,,,,,
1169,Additional Route,Co-Built,Airtel,Mumbai Fiber Refresh Project,Mumbai_Coverage_Route35,Mumbai_Coverage_Route35,,Additional Route,,10004963.0,4070.0,Mumbai_Coverage_Route35,MUMU26RC035,,,783349601,80.0,2025-10-11,RBI SAHAYOG APARTMENT,MAYUR TOWER,MCGM,RC,783349601,90.0,2025-10-15,OT,90.0,Bituminous Concrete,10187.00,916830.0,1.00,180.0,90.0,,,,11640.27,1047624.32,917100.0,10190.0,1450.27,,917100.0,,,,,,,,,,,,130524.3,90.00,EKSAR ROAD,,,,,
1170,Additional Route,Co-Built,Airtel,Mumbai Fiber Refresh Project,Mumbai_Coverage_Route35,Mumbai_Coverage_Route35,,Additional Route,,10004963.0,4070.0,Mumbai_Coverage_Route35,MUMU26RC035,,,783349602,90.0,2025-10-11,VEG TREAT ROYAL HOTEL,ROYAL EKSAR CHS,MCGM,RC,783349602,100.0,2025-10-15,OT,100.0,Mastic Asphalt 40 m,14936.00,1493600.0,1.00,200.0,100.0,,,,11640.27,1164027.03,1493900.0,14939.0,-3298.73,,1493900.0,,,,,,,,,,,,-329873.0,100.00,CHANDAVARKAR ROAD,,,,,
1171,Additional Route,Co-Built,Airtel,Mumbai Fiber Refresh Project,Mumbai_Coverage_Route35,Mumbai_Coverage_Route35,,Additional Route,,10004963.0,4070.0,Mumbai_Coverage_Route35,MUMU26RC035,,,783349611,110.0,2025-10-11,KARMA YOG BUILDING NO.4,AKSAR BIRYANI CENTER,MCGM,RC,783349611,120.0,2025-10-15,OT,120.0,Mastic Asphalt 40 m,14936.00,1792320.0,1.00,240.0,120.0,,,,11640.27,1396832.43,1792680.0,14939.0,-3298.73,,1792680.0,,,,,,,,,,,,-395847.6,120.00,BABURAO PARANJPE MARG,,,,,
18,DC Route,Co-Built,Airtel,Mumbai Fiber Refresh Project,MUM_Route_45,MUM_Route_45,New-build,Strategic,"AIR52K24R045005, AIR52K24R045006, AIR52K24R045007, AIR52K24R045008, AIR52K24R045009",10004670.0,6432.0,,MUMU25R045,MUMU25R045NMKK,MUMU25R045NMKK250327D3C3L0004,I110310,4765.0,2025-03-27,Stock Holding Corporation,Shilphata Road,MIDC,KK,I110310,4765.0,2025-04-24,Open Trench,,Embankment Soil,484,2306260.0,,14300.0,0.0,,,417908.0,7354.101316542645,35042292.7733257,2320560.0,487.0010493179433,6867.100267224701,500000.0,3238468.0,,,2025-04-25,2025-04-25,,2025-05-01,3,,,,,,,,,,,,
1,DC Route,IP-1,CE,Mumbai Fiber Refresh Project,MUM_Route_50,MUM_Route_50,Sify - Common,Strategic,AIR52K24R050001,10004765.0,6030.0,,MUMUR050,MUMUR050NIMI,MUMUR050NMMI250129D4C4L0001,I96966,5000.0,2025-01-29,A SIFY Rabale,F Mahape,MIDC,MIDC,I96966,4766.0,2025-02-10,Open Trench,,Embankment Soil,41,195406.0,,0.0,4766.0,,,36030.96,19200.0,91507200.0,200172.0,42.0,19158.0,250000.0,486202.96,,,2025-02-01,2025-02-06,2025-02-06,2025-02-12,6,,,,,,,,,,,,
2,DC Route,IP-1,CE,Mumbai Fiber Refresh Project,MUM_Route_50,MUM_Route_50,Sify - Common,Strategic,AIR52K24R050002,10004765.0,6030.0,,MUMUR050,MUMUR050NIMI,MUMUR050NMMI250212D4C4L0001,I99340,600.0,,F Mahape Police Chowky,G CNTRL S Mahape,MIDC,MIDC,I99340,600.0,2025-02-12,Open Trench,,Embankment Soil+CC Crossing,41/1797,59720.0,,0.0,600.0,,,10857.6,3000.0,1800000.0,60320.0,100.5333333333333,2899.466666666666,60000.0,131177.6,,,2025-02-18,2025-02-19,2025-04-28,2025-03-13,18,,,,,,,,,,,,
14,Additional Route,Co-Built,Airtel,Mumbai Fiber Refresh Project,Mumbai_Coverage_Route13,Mumbai_Coverage_Route13,New-build,Non-Strategic,AIR52K24RC13007,10004545.0,3030.0,,MUMU25RC13,MUMU25RC13KDKD,MUMU25RC13KDKD250325D3C3L0026,AIRTEL/OSP/2024-25/Open Trench-HDD/kdmc/02,80.0,2025-03-25,Jhulelal Chowk,Gold Gym,KDMC,KD,KDMC/Ex.Engg/Construction/K-W/06,80.0,2025-04-11,Open Trench,80.0,Paverblock,9269.27,741541.6000000001,1,160.0,0.0,,,,,,741701.6000000001,,,74170.16000000002,815871.7600000001,,,,,2025-04-11,,0,,,,,,,,,,,,
13,Additional Route,Co-Built,Airtel,Mumbai Fiber Refresh Project,Mumbai_Coverage_Route7,Mumbai_Coverage_Route7,New-build,Non-Strategic,Entire route DN achieved in single go.,10004531.0,2590.0,,MUMU25RC07,MUMU25RC07KDWI,MUMU25RC07KDWI250325D3C3L0025,AIRTEL/OSP/2024-25/Open Trench-HDD/kdmc/01,2128.0,2025-03-25,Hanuman Road,Nr jankalayan multispeciality hospital,KDMC,KD,KDMC/Ex.Engg/Construction/K-W/10,2128.0,2025-04-15,Open Trench,2128.0,Paverblock+Asphalt,9269.27/12326.53,24301725.0,,425600.0,,3645258.717,,,11600.0,24684800.0,28372583.717,13332.9810700188,-1732.981070018797,2430172.478,30802756.195,,,2025-04-18,2025-04-20,2025-04-20,2025-05-02,12,,,,,,,,,,,,
1030,Additional Route,Co-Built,Airtel,Mumbai Fiber Refresh Project,Mumbai_Coverage_Route13,Mumbai_Coverage_Route13,New-build,Non-Strategic,,10004545.0,3030.0,,MUMU26RC013,,,Airtel/OSP/2025-26/HDD/Kalyan/Mumbai_Coverage_Route13.2/387 Mtrs,387.0,,Near Moti Ram Open Plot Kalyan Sape Road,Near Hotel Maintals Restaurant,KDMC,KD,KDMC/KA/Const./162,387.0,,HDD,,Asphalt,5871.39,105685.02,1,77400.0,0.0,15852.753,0.0,0.0,11600.0,4489200.0,198937.77300000002,514.0510930232558,11085.948906976744,10568.502,209506.27500000002,,,,,,,,,387.0,,,,,,,,,,
1031,Additional Route,Co-Built,Airtel,Mumbai Fiber Refresh Project,Mumbai_Coverage_Route13,Mumbai_Coverage_Route13,New-build,Non-Strategic,,10004545.0,3030.0,,MUMU26RC013,,,Airtel/OSP/2025-26/HDD/Kalyan/Mumbai_Coverage_Route13.5/336 Mtrs,336.0,,Near Jhulele Chowk,Near Barve Road,KDMC,KD,KDMC/KA/Const./163,336.0,,OT,336.0,CC/Asphalt,12072.1/12326.50,4123896.0,1,67200.0,0.0,618585.912,0.0,0.0,11600.0,3897600.0,4809681.9120000005,14314.5295,-2714.5295000000006,412390.608,5222082.5200000005,,,,,,,,,,,,,,,,,,,
1032,Additional Route,Co-Built,Airtel,Mumbai Fiber Refresh Project,Mumbai_Coverage_Route13,Mumbai_Coverage_Route13,New-build,Non-Strategic,,10004545.0,3030.0,,MUMU26RC013,,,Airtel/OSP/2025-26/HDD/Kalyan/Mumbai_Coverage_Route13.1/328 Mtrs,328.0,,"Near D Mart, Mohan Square one",Near Moti Ram Open Plot Kalyan Sape Road,KDMC,KD,KDMC/KA/Const./164,328.0,,OT,328.0,Paver Block/Gravelling,9269.27/5871.39,2870426.56,1,65600.0,0.0,430563.984,0.0,0.0,11600.0,3804800.0,3366590.544,10263.99556097561,1336.0044390243893,287042.656,3653633.2,,,,,,,,,,,,,,,,,,,
1033,Additional Route,Co-Built,Airtel,Mumbai Fiber Refresh Project,Mumbai_Coverage_Route13,Mumbai_Coverage_Route13,New-build,Non-Strategic,,10004545.0,3030.0,,MUMU26RC013,,,Airtel/OSP/2025-26/HDD/Kalyan/Mumbai_Coverage_Route13.4/493 Mtrs,493.0,,Near KDMC Garden,Near Jhulelal Chowk,KDMC,KD,KDMC/KA/Const./165,493.0,,OT,493.0,Paver Block/Asphalt,9269.27/12326.50,4945789.4,1,98600.0,0.0,741868.9635,0.0,0.0,11600.0,5718800.0,5786258.3635,11736.832380324544,-136.83238032454392,494579.309,6280841.6725,,,,,,,,,,,,,,,,,,,
1034,Additional Route,Co-Built,Airtel,Mumbai Fiber Refresh Project,Mumbai_Coverage_Route13,Mumbai_Coverage_Route13,New-build,Non-Strategic,,10004545.0,3030.0,,MUMU26RC013,,,Airtel/OSP/2025-26/HDD/Kalyan/Mumbai_Coverage_Route13.3/570 Mtrs,570.0,,Near Hotel Maintals Restaurant,Near KDMC Garden,KDMC,KD,KDMC/KA/Const./177,570.0,,HDD,,Asphalt,12326.5,295836.0,1,114000.0,0.0,44375.4,0.0,0.0,11600.0,6612000.0,454211.4,796.8621052631579,10803.137894736843,29583.600000000002,483795.0,,,,,,,,,570.0,,,,,,,,,,
804,Additional Route,Co-Built,Airtel,Mumbai Fiber Refresh Project,Mumbai_Coverage_Route39,Mumbai_Coverage_Route39,New-build,Non-Strategic,,10004578.0,2200.0,,MUMU26RC039,,,Airtel/OSP/2025-26/OT/Kalyan/Mumabi_Coverage_39.5/672 Mtrs,672.0,,NEAR KANGARO KIDS INTERNATIONAL SCHOOL,NEAR NEPTUNE ACCIDENT TRAUMA & BURN CENTER,KDMC,F,KDMC/KA/Const./180,672.0,,OT,672.0,Asphalt/PB/CC,12326.53/9269.27/12072.13,8193879.36,,134400.0,0.0,1229081.9,0.0,0.0,11600.0,7795200.0,9557361.26,14222.2637797619,2622.263779761905,819387.84,2182869.84,,,,,,,,,,,,,,SHANKARA NAGAR ROAD,,,,,
803,Additional Route,Co-Built,Airtel,Mumbai Fiber Refresh Project,Mumbai_Coverage_Route39,Mumbai_Coverage_Route39,New-build,Non-Strategic,,10004578.0,2200.0,,MUMU26RC039,,,Airtel/OSP/2025-26/OT/Kalyan/Mumabi_Coverage_39.4/510 Mtrs,510.0,,NEAR KAMESHWAR MAHADEV MANDIR,NEAR KANGARO KIDS INTERNATIONAL SCHOOL,KDMC,F,KDMC/KA/Const./181,510.0,,OT,510.0,Asphalt/PB/CC,12326.53/9269.27/12072.13,6156786.3,,102000.0,0.0,923517.95,0.0,0.0,11600.0,5916000.0,7182304.25,14082.94950980392,2482.949509803922,615678.63,7797982.88,,,,,,,,,,,,,,REGENCY ESTATE ROAD,,,,,
801,Additional Route,Co-Built,Airtel,Mumbai Fiber Refresh Project,Mumbai_Coverage_Route31,Mumbai_Coverage_Route31,New-build,Non-Strategic,,10004578.0,2200.0,,MUMU26RC031,,,Airtel/OSP/2025-26/OT/Kalyan/Mumabi_Coverage_31.4/353 Mtrs,353.0,,NEAR GAJ BANDHAN CHSL,NEAR OM SAI VIHAR,KDMC,F,KDMC/KA/Const./182,353.0,,OT,353.0,Asphalt,12326.53,4351265.09,,70600.0,0.0,652689.76,0.0,0.0,11600.0,4094800.0,5074554.85,14375.50949008499,2775.509490084985,435126.51,5509681.36,,,,,,,,,,,,,,PATHARLI ROAD,,,,,
802,Additional Route,Co-Built,Airtel,Mumbai Fiber Refresh Project,Mumbai_Coverage_Route31,Mumbai_Coverage_Route31,New-build,Non-Strategic,,10004578.0,2200.0,,MUMU26RC031,,,Airtel/OSP/2025-26/OT/Kalyan/Mumabi_Coverage_31.3/254 Mtrs,254.0,,NEAR NAV RAM DARSHAN BUILDING,NEAR GAJ BANDHAN CHSL,KDMC,F,KDMC/KA/Const./183,254.0,,Open Trench,254.0,Asphalt/PB/CC,12326.53/9269.27/12072.13,2647396.12,,50800.0,0.0,397109.42,0.0,0.0,11600.0,2946400.0,3095305.54,12186.24228346457,586.2422834645677,264739.61,3360045.15,,,,,,,,,,,,,,JIJAI NAGAR ROAD & AMBIKA NAGAR ROAD,,,,,
1086,Additional Route,Co-Built,Airtel,Mumbai Fiber Refresh Project,Mumbai_Coverage_Route21,Mumbai_Coverage_Route21,New-build,Non-Strategic,,10004564.0,2000.0,,MUMU26RC021,,,Airtel/OSP/2025-26/OT/Kalyan/Mumbai_Coverage_Route21.2/640 Mtrs,640.0,,Near Gopinath Chowk,Near Sai Vaibhav Paradise,KDMC,H,KDMC/KA/Const./189,640.0,,OT,640.0,Asphalt,12326.53,7888979.2,1,128000.0,0.0,1183346.88,0.0,0.0,11600.0,7424000.0,9200326.08,14375.5095,-2775.5095,788897.92,9989224.0,,,,,,,,,,,,,,,,,,,
1087,Additional Route,Co-Built,Airtel,Mumbai Fiber Refresh Project,Mumbai_Coverage_Route21,Mumbai_Coverage_Route21,New-build,Non-Strategic,,10004564.0,2000.0,,MUMU26RC021,,,Airtel/OSP/2025-26/OT/Kalyan/Mumbai_Coverage_Route21.1/970 Mtrs,970.0,,Near Atithi Hotel,Near Gopinath Chowk,KDMC,H,KDMC/KA/Const./191,970.0,,OT,970.0,Asphalt,12326.53,11956734.100000001,1,194000.0,0.0,1793510.1150000002,0.0,0.0,11600.0,11252000.0,13944244.215000002,14375.509500000002,-2775.509500000002,1195673.4100000001,15139917.625000002,,,,,,,,,,,,,,,,,,,
33,"LMC routes (stand alone) ",Co-Built,Airtel,Mumbai Fiber Refresh Project,MB1585,MU-MB1585,New-build,Non-Strategic,,10004873.0,112.0,,MUMU25FL011,MUMU25FL011KDWA,MUMU25FL011KDWA250424D3C3L0017,Airtel/OSP/2025-26/Open Trench/KDMC/MB-1585/130 Mtrs,130.0,2024-04-24,BHIWANDI MURBAD ROAD,SHREE GANESH VANDAN BUILDING,KDMC,A,KMDC/KA/Const./25,130.0,,,,,9269.27,1205005.1,,26000.0,0.0,180750.76,,,11600.0,1508000.0,1411755.86,10859.66046153846,740.3395384615378,120500.51,1532256.37,,,2025-05-06,2025-05-07,2025-05-06,,-45784,,,,,,,,,,,,
36,"LMC routes (stand alone) ",Co-Built,Airtel,Mumbai Fiber Refresh Project,MA1048,MU-MA1048,New-build,Non-Strategic,,10004830.0,280.0,,MUMU25FL012,MUMU25FL012KDWB,MUMU25FL012KDWB250418D3C3L0020,Airtel / MBMC /OSP/2025-26/OPEN TRENCH/KDMC/MA-1048/127 Mtrs,127.0,2024-04-18,Khadkapada Road,Reliance Digital Building,KDMC,B,KMDC/KA/Const./26,127.0,2025-05-02,Open Trench,,Paver Block,9269.27,1177197.29,,25400.0,0.0,176579.59,,,11600.0,1473200.0,1379176.88,10859.66047244095,740.3395275590537,117719.729,1496896.609,,,2025-05-06,2025-05-07,2025-05-20,,-45784,,,,,,,,,,,,
34,Route LM,Co-Built,Airtel,Mumbai Fiber Refresh Project,MA2218,MU-MA2218,New-build,Non-Strategic,,10004521.0,20.0,MUMU25RC07,MUMU25NL008,MUMU25NL008KDWA,MUMU25NL008KDWA250429D3C3L0004,Airtel/OSP/2025-26/Open Trench/KDMC/MA-2218/20 Mtrs,20.0,,,,KDMC,KDMC,KMDC/KA/Const./27,20.0,,,,,9269.27,185385.4,,4000.0,0.0,27807.81,,,11600.0,232000.0,217193.21,10859.6605,740.3394999999982,18538.54,235731.75,,,2025-05-06,2025-05-07,2025-04-11,2025-05-14,7,,,,,,,,,,,,
35,Route LM,Co-Built,Airtel,Mumbai Fiber Refresh Project,MB1589,MU-MB1589,New-build,Non-Strategic,,10004521.0,90.0,MUMU25RC07,MUMU25NL009,MUMU25NL009KDWA,MUMU25NL009KDWA250429D3C3L0001,Airtel/OSP/2025-26/Open Trench/KDMC/MB-1589/75 Mtrs,75.0,,,,KDMC,KDMC,KMDC/KA/Const./28,75.0,,,,,9269.27,695195.25,,15000.0,0.0,104279.28,,,11600.0,870000.0,814474.53,10859.6604,740.3395999999993,69519.52,883994.05,,,2025-05-06,2025-05-07,2025-05-07,2025-05-14,7,,,,,,,,,,,,
7,DC Route,IP-1,CE,Mumbai Fiber Refresh Project,MUM_Route_48,MUM_Route_48,Sify - Common,Strategic,AIR52K24R048008,10004681.0,3300.0,,MUMU25R048,MUMUR048NMKK,MUMUR048NMKK250220D4C5L0010,ETIPL/OSP/Koperkhairne MIDC/HDD/2024-25/02,820.0,2025-03-18,"Gami Industrial Park Pawne ","Ashwini Infra Development ","NMMC ",KK,NMMC/Z-2/264/2025,820.0,2025-03-18,Open Trench/HDD,820.0,Asphalt,9600,624000.0,,164000.0,0.0,93600.0,,,3000.0,2460000.0,881600.0,1075.121951219512,1924.878048780488,71760.0,953360.0,,,2025-03-25,2025-04-01,2025-04-05,2025-04-09,8,,,,,,,,,,,,
6,DC Route,IP-1,CE,Mumbai Fiber Refresh Project,MUM_Route_48,MUM_Route_48,Sify - Common,Strategic,AIR52K24R048008,10004681.0,3300.0,,MUMU25R048,MUMUR048NMKK,MUMUR048NMKK250220D4C5L0011,ETIPL/OSP/Koperkhairne MIDC/HDD/2024-25/01,975.0,2025-03-18,"TTC Industrial area Bharti Airtel Office ","Gami Industrial Park Pawne ","NMMC ",KK,NMMC/Z-2/265/2025,975.0,2025-03-18,Open Trench/HDD,975.0,Asphalt,9600,624000.0,,195000.0,0.0,93600.0,,,3000.0,2925000.0,912600.0,936.0,2064.0,71760.0,984360.0,,,2025-03-25,2025-04-01,,2025-04-09,8,,,,,,,,,,,,
8,DC Route,IP-1,CE,Mumbai Fiber Refresh Project,MUM_Route_48,MUM_Route_48,Sify - Common,Strategic,AIR52K24R048008,10004681.0,3300.0,,MUMU25R048,MUMUR048NMKK,MUMUR048NMKK250220D4C5L0009,ETIPL/OSP/Koperkhairne MIDC/HDD/2024-25/03,825.0,2025-03-18,"Ashwini Infra Development ","CTRL S Data Center ",NMMC,KK,NMMC/Z-2/266/2025,825.0,2025-03-18,Open Trench/HDD,825.0,Asphalt,9600,624000.0,,165000.0,0.0,93600.0,,,3000.0,2475000.0,882600.0,1069.818181818182,1930.181818181818,71760.0,954360.0,,,2025-03-25,2025-04-01,2025-04-28,2025-04-09,8,,,,,,,,,,,,
937,DC Route,Co-Built,Airtel,Mumbai Fiber Refresh Project,MUM_Route_49,MUM_Route_49,New-build,Strategic,,10004665.0,2800.0,,MUMU26R049,,,Airtel/OSP/2025-26/HDD+OT/NMMC-Z-II/MUM_Coverage_Route49.3/189 Mtrs,189.0,,NAER PLOT NO W 145C,NEAR NISC,NMMC,KK,NMMC/Z-2/962/2025,189.0,,Open Trench/HDD,189.0,Asphalt,9600,1695292.0,0,37800.0,0.0,0.0,0.0,0.0,6952.0,1313928.0,1733092.0,9169.79,2217.790000000001,169529.2,1902621.2,,,,,,,,,,,,,,Pawane Village Road,,,,,
1141,DC Route,Co-Built,Airtel,Mumbai Fiber Refresh Project,MUM_Route_49,MUM_Route_49,New-build,Strategic,,10004665.0,2800.0,,MUMU26R049,,,Airtel/OSP/2025-26/HDD+OT/NMMC-Z-II/MUM_Coverage_Route49.3/931 Mtrs,931.0,,"Near Eco Friend Industries ",Near Plot No-W-145C,NMMC,KK,NMMC/Z-2/963/2025,931.0,,Open Trench/HDD,120.0,Asphat/CC,9600,3149612.0,1,186200.0,0.0,0.0,0.0,0.0,9600.0,8937600.0,3335812.0,3583.041890440387,6016.958109559613,314961.2,3650773.2,,,,,,,,,811.0,,,,,,,,,,
1142,DC Route,Co-Built,Airtel,Mumbai Fiber Refresh Project,MUM_Route_49,MUM_Route_49,New-build,Strategic,,10004665.0,2800.0,,MUMU26R049,,,Airtel/OSP/2025-26/HDD+OT/NMMC-Z-II/MUM_Coverage_Route49.4/498 Mtrs,498.0,,Near NISC,Near Nextra Mahape,NMMC,KK,NMMC/Z-2/964/2025,498.0,,Open Trench/HDD,167.0,Asphat/CC,9600,3682178.0,1,99600.0,0.0,0.0,0.0,0.0,9600.0,4780800.0,3781778.0,7593.931726907631,2006.068273092369,368217.80000000005,4149995.8,,,,,,,,,331.0,,,,,,,,,,
38,Route LM,Co-Built,Airtel,Mumbai Fiber Refresh Project,MB3667,MU-MB3667,New-build,Non-Strategic,,10004772.0,280.0,MUMU25R050,MUMU25NL011,MUMU25NL011NIMI,MUMU25NL011NIMI250418D3C3L0022,"MIDC-DIV-2/OSP/2025-26/AIRTEL/MB-3667/130 MTRS ",130.0,2024-04-18,,,MIDC,MIDC,No.EE/Dn.II/MHP/Eoffice/I/I113922,130.0,2025-05-19,Open Trench,,Hard Side Shoulder,,63000.0,,400.0,0.0,0.0,,11412.0,11107.0,1443910.0,63400.0,487.6923076923077,10619.30769230769,25000.0,99812.0,,,2025-05-20,2025-05-20,,2025-05-27,7,,,,,,,,,,,,
37,Route LM,Co-Built,Airtel,Mumbai Fiber Refresh Project,MA2181,MU-MA2181,New-build,Non-Strategic,,10004772.0,400.0,MUMU25R050,MUMU25NL010,MUMU25NL010NIMI,MUMU25NL010NIMI250418D3C3L0021,MIDC-DIV-2/OSP/2025-26/AIRTEL/PLOT NO-PAP-R-343/375 MTRS,375.0,2024-04-18,,,MIDC,MIDC,No.EE/Dn.II/MHP/Eoffice/I/I113925,375.0,2025-05-19,Open Trench,,Hard Side Shoulder,,181500.0,,1200.0,0.0,0.0,,32886.0,11849.0,4443375.0,182700.0,487.2,11361.8,50000.0,265586.0,,,2025-05-20,2025-05-20,2025-04-28,2025-05-27,7,,,,,,,,,,,,
40,"LMC routes (stand alone) ",Co-Built,Airtel,Mumbai Fiber Refresh Project,MB1608,MU-MB1608,New-build,Non-Strategic,,10004869.0,56.0,,MUMU25FL012,MUMU25FL012MBMB,MUMU25FL012MBMB250411D3C3L0001,Airtel / MBMC /OSP/2025-26/OT/ Arihant “B” CHSL /124 Mtrs,124.0,2024-04-11,Radha Krishna Hotel,Arihant “B” CHSL,MBMC,MBMC,NO.MBMC/PWD/1014/64/2025-26,124.0,2025-04-30,Open Trench,,Asphalt Road,9600,1190400.0,,24800.0,0.0,0.0,,218736.0,4500.0,558000.0,1215200.0,9800.0,-5300.0,119040.0,1552976.0,,,,,2025-04-24,,0,,,,,,,,,,,,